-- SPDX-FileCopyrightText: Copyright (C) 2023 Opal Health Informatics Group at the Research Institute of the McGill University Health Centre <john.kildea@mcgill.ca>
--
-- SPDX-License-Identifier: AGPL-3.0-or-later

-- Insert the initial template data required to start a project.


INSERT INTO `templateQuestion` (`ID`, `OAUserId`, `name`, `typeId`, `version`, `parentId`, `polarity`, `private`, `deleted`, `deletedBy`, `creationDate`, `createdBy`, `lastUpdated`, `updatedBy`) VALUES
(1,	-1,	1036,	4,	0,	-1,	0,	0,	0,	'',	'2019-11-05 19:04:19',	'QUESTIONNAIRE_MIGRATION_2019',	'2019-11-06 21:16:28',	'dbourdua'),
(2,	-1,	1042,	4,	0,	-1,	0,	0,	0,	'',	'2019-11-05 19:04:19',	'QUESTIONNAIRE_MIGRATION_2019',	'2019-11-06 21:17:20',	'dbourdua'),
(3,	-1,	1049,	4,	0,	-1,	0,	0,	0,	'',	'2019-11-05 19:04:19',	'QUESTIONNAIRE_MIGRATION_2019',	'2019-11-06 21:26:08',	'dbourdua'),
(4,	-1,	1057,	4,	0,	-1,	0,	0,	0,	'',	'2019-11-05 19:04:19',	'QUESTIONNAIRE_MIGRATION_2019',	'2019-11-06 21:27:34',	'dbourdua'),
(5,	-1,	1063,	4,	0,	-1,	0,	0,	0,	'',	'2019-11-05 19:04:19',	'QUESTIONNAIRE_MIGRATION_2019',	'2019-11-06 21:27:55',	'dbourdua'),
(6,	-1,	1066,	4,	0,	-1,	0,	0,	0,	'',	'2019-11-05 19:04:19',	'QUESTIONNAIRE_MIGRATION_2019',	'2019-11-06 21:28:22',	'dbourdua'),
(7,	-1,	1070,	4,	0,	-1,	0,	0,	0,	'',	'2019-11-05 19:04:19',	'QUESTIONNAIRE_MIGRATION_2019',	'2019-11-06 21:29:17',	'dbourdua'),
(8,	-1,	1075,	4,	0,	-1,	0,	0,	0,	'',	'2019-11-05 19:04:19',	'QUESTIONNAIRE_MIGRATION_2019',	'2019-11-06 21:30:01',	'dbourdua'),
(9,	-1,	1081,	4,	0,	-1,	0,	0,	0,	'',	'2019-11-05 19:04:19',	'QUESTIONNAIRE_MIGRATION_2019',	'2019-11-12 20:08:24',	'dbourdua'),
(10,	-1,	1089,	4,	0,	-1,	0,	0,	0,	'',	'2019-11-05 19:04:19',	'QUESTIONNAIRE_MIGRATION_2019',	'2019-11-08 17:40:07',	'dbourdua'),
(11,	-1,	1095,	4,	0,	-1,	0,	0,	0,	'',	'2019-11-05 19:04:19',	'QUESTIONNAIRE_MIGRATION_2019',	'2019-11-08 17:41:00',	'dbourdua'),
(12,	-1,	1101,	4,	0,	-1,	0,	0,	0,	'',	'2019-11-05 19:04:19',	'QUESTIONNAIRE_MIGRATION_2019',	'2019-11-07 00:52:25',	'dbourdua'),
(13,	-1,	1106,	4,	0,	-1,	0,	0,	0,	'',	'2019-11-05 19:04:19',	'QUESTIONNAIRE_MIGRATION_2019',	'2019-11-07 00:51:22',	'dbourdua'),
(14,	-1,	1111,	4,	0,	-1,	0,	0,	0,	'',	'2019-11-05 19:04:19',	'QUESTIONNAIRE_MIGRATION_2019',	'2019-11-07 00:50:44',	'dbourdua'),
(15,	-1,	1117,	4,	0,	-1,	0,	0,	0,	'',	'2019-11-05 19:04:19',	'QUESTIONNAIRE_MIGRATION_2019',	'2019-11-07 00:50:06',	'dbourdua'),
(16,	-1,	1121,	4,	0,	-1,	0,	0,	0,	'',	'2019-11-05 19:04:19',	'QUESTIONNAIRE_MIGRATION_2019',	'2019-11-07 00:49:28',	'dbourdua'),
(17,	-1,	1127,	4,	0,	-1,	0,	0,	0,	'',	'2019-11-05 19:04:19',	'QUESTIONNAIRE_MIGRATION_2019',	'2019-11-07 00:48:46',	'dbourdua'),
(18,	-1,	1132,	4,	0,	-1,	0,	0,	0,	'',	'2019-11-05 19:04:19',	'QUESTIONNAIRE_MIGRATION_2019',	'2019-11-07 00:47:25',	'dbourdua'),
(19,	-1,	1138,	4,	0,	-1,	0,	0,	0,	'',	'2019-11-05 19:04:19',	'QUESTIONNAIRE_MIGRATION_2019',	'2019-11-07 00:45:19',	'dbourdua'),
(20,	-1,	1144,	4,	0,	-1,	0,	0,	0,	'',	'2019-11-05 19:04:19',	'QUESTIONNAIRE_MIGRATION_2019',	'2019-11-07 00:44:07',	'dbourdua'),
(21,	-1,	1150,	4,	0,	-1,	0,	0,	0,	'',	'2019-11-05 19:04:20',	'QUESTIONNAIRE_MIGRATION_2019',	'2019-11-07 00:41:41',	'dbourdua'),
(22,	-1,	1156,	2,	0,	-1,	0,	0,	0,	'',	'2019-11-05 19:04:20',	'QUESTIONNAIRE_MIGRATION_2019',	'2019-11-08 17:38:53',	'dbourdua'),
(23,	-1,	1159,	3,	0,	-1,	0,	0,	0,	'',	'2019-11-05 19:04:20',	'QUESTIONNAIRE_MIGRATION_2019',	'2019-11-07 00:39:55',	'dbourdua'),
(24,	-1,	1160,	7,	0,	-1,	0,	0,	0,	'',	'2019-11-05 19:04:20',	'QUESTIONNAIRE_MIGRATION_2019',	'2019-11-06 05:04:20',	'QUESTIONNAIRE_MIGRATION_2019'),
(25,	-1,	1161,	6,	0,	-1,	0,	0,	0,	'',	'2019-11-05 19:04:20',	'QUESTIONNAIRE_MIGRATION_2019',	'2019-11-06 05:04:20',	'QUESTIONNAIRE_MIGRATION_2019'),
(26,	21,	1179,	1,	0,	-1,	0,	0,	1,	'dbourdua',	'2019-11-06 13:40:33',	'dbourdua',	'2019-11-07 00:39:36',	'dbourdua'),
(27,	28,	1472,	4,	0,	-1,	0,	0,	0,	'',	'2020-02-26 12:51:57',	'MACFARIA',	'2020-02-26 22:51:57',	'MACFARIA'),
(28,	28,	1475,	4,	0,	-1,	0,	0,	0,	'',	'2020-02-26 12:53:32',	'MACFARIA',	'2020-02-26 22:53:32',	'MACFARIA'),
(29,	28,	1478,	4,	0,	-1,	0,	0,	0,	'',	'2020-02-26 12:54:24',	'MACFARIA',	'2020-02-26 22:54:24',	'MACFARIA'),
(30,	28,	1485,	4,	0,	-1,	0,	0,	0,	'',	'2020-02-26 12:56:51',	'MACFARIA',	'2020-02-26 22:56:51',	'MACFARIA'),
(31,	28,	1491,	4,	0,	-1,	0,	0,	0,	'',	'2020-02-26 12:58:37',	'MACFARIA',	'2020-02-26 22:58:37',	'MACFARIA'),
(32,	28,	2159,	4,	0,	-1,	0,	0,	0,	'',	'2020-05-04 15:49:13',	'MACFARIA',	'2020-05-04 23:49:13',	'MACFARIA'),
(33,	28,	2165,	4,	0,	-1,	0,	0,	0,	'',	'2020-05-04 15:54:18',	'MACFARIA',	'2020-05-04 23:54:18',	'MACFARIA'),
(34,	28,	2171,	4,	0,	-1,	0,	0,	0,	'',	'2020-05-04 15:59:21',	'MACFARIA',	'2020-05-04 23:59:21',	'MACFARIA'),
(35,	28,	2179,	4,	0,	-1,	0,	0,	0,	'',	'2020-05-04 16:02:36',	'MACFARIA',	'2020-08-16 10:34:01',	'MACFARIA'),
(36,	28,	2180,	4,	0,	-1,	0,	0,	0,	'',	'2020-05-04 16:02:36',	'MACFARIA',	'2020-05-05 00:02:36',	'MACFARIA'),
(37,	28,	2192,	4,	0,	-1,	0,	0,	0,	'',	'2020-05-11 14:04:38',	'MACFARIA',	'2020-05-26 00:06:56',	'MACFARIA'),
(38,	21,	2218,	4,	0,	-1,	0,	0,	1,	'dbourdua',	'2020-05-22 08:37:59',	'dbourdua',	'2020-05-22 16:49:13',	'dbourdua'),
(39,	21,	2227,	4,	0,	-1,	0,	0,	1,	'dbourdua',	'2020-05-22 08:49:47',	'dbourdua',	'2020-05-22 16:59:03',	'dbourdua'),
(40,	21,	2231,	4,	0,	-1,	0,	0,	1,	'dbourdua',	'2020-05-22 08:58:52',	'dbourdua',	'2020-05-22 16:58:58',	'dbourdua'),
(41,	28,	2300,	4,	0,	-1,	0,	0,	0,	'',	'2020-05-25 16:23:42',	'MACFARIA',	'2020-05-26 00:23:42',	'MACFARIA'),
(42,	28,	2326,	4,	0,	-1,	0,	0,	0,	'',	'2020-05-25 16:28:58',	'MACFARIA',	'2020-05-26 00:28:58',	'MACFARIA'),
(43,	28,	2436,	4,	0,	-1,	0,	0,	0,	'',	'2020-05-25 16:55:27',	'MACFARIA',	'2020-05-26 00:55:27',	'MACFARIA'),
(44,	28,	2442,	4,	0,	-1,	0,	0,	0,	'',	'2020-05-25 16:57:56',	'MACFARIA',	'2020-05-26 00:57:56',	'MACFARIA'),
(45,	28,	2574,	4,	0,	-1,	0,	0,	0,	'',	'2020-05-25 17:34:23',	'MACFARIA',	'2020-08-12 00:18:48',	'MACFARIA'),
(46,	28,	2649,	4,	0,	-1,	0,	0,	0,	'',	'2020-05-25 18:18:06',	'MACFARIA',	'2020-05-26 02:18:06',	'MACFARIA'),
(47,	29,	2705,	4,	0,	-1,	0,	0,	0,	'',	'2020-05-25 22:49:02',	'hpatrick',	'2020-05-26 06:49:02',	'hpatrick'),
(48,	29,	2723,	1,	0,	-1,	0,	0,	0,	'',	'2020-05-25 22:53:42',	'hpatrick',	'2020-05-26 06:53:42',	'hpatrick'),
(49,	29,	2768,	1,	0,	-1,	0,	0,	0,	'',	'2020-05-25 23:00:59',	'hpatrick',	'2020-05-26 07:00:59',	'hpatrick'),
(50,	29,	2773,	1,	0,	-1,	0,	0,	0,	'',	'2020-05-25 23:02:22',	'hpatrick',	'2020-05-26 07:02:22',	'hpatrick'),
(51,	29,	2786,	4,	0,	-1,	0,	0,	0,	'',	'2020-05-25 23:04:41',	'hpatrick',	'2020-05-26 07:04:41',	'hpatrick'),
(52,	28,	2820,	4,	0,	-1,	0,	0,	0,	'',	'2020-05-26 17:00:42',	'MACFARIA',	'2020-05-27 01:00:42',	'MACFARIA'),
(53,	28,	2826,	4,	0,	-1,	0,	0,	0,	'',	'2020-05-26 17:03:30',	'MACFARIA',	'2020-05-27 01:03:30',	'MACFARIA'),
(54,	28,	2832,	4,	0,	-1,	0,	0,	0,	'',	'2020-05-26 17:06:28',	'MACFARIA',	'2020-05-27 01:06:28',	'MACFARIA'),
(55,	28,	2870,	4,	0,	-1,	0,	0,	0,	'',	'2020-05-26 17:51:14',	'MACFARIA',	'2020-05-27 01:51:14',	'MACFARIA'),
(56,	28,	2876,	4,	0,	-1,	0,	0,	0,	'',	'2020-05-26 17:53:55',	'MACFARIA',	'2020-05-27 01:53:55',	'MACFARIA'),
(57,	28,	2882,	4,	0,	-1,	0,	0,	0,	'',	'2020-05-26 17:57:32',	'MACFARIA',	'2020-05-27 01:57:32',	'MACFARIA'),
(58,	28,	2888,	4,	0,	-1,	0,	0,	0,	'',	'2020-05-26 18:05:55',	'MACFARIA',	'2020-05-27 02:05:55',	'MACFARIA'),
(59,	28,	2894,	4,	0,	-1,	0,	0,	0,	'',	'2020-05-26 18:09:25',	'MACFARIA',	'2020-05-27 02:09:25',	'MACFARIA'),
(60,	28,	2897,	2,	0,	-1,	0,	0,	0,	'',	'2020-05-26 18:21:48',	'MACFARIA',	'2020-05-27 02:21:48',	'MACFARIA'),
(61,	28,	2898,	3,	0,	-1,	0,	0,	0,	'',	'2020-05-26 18:23:12',	'MACFARIA',	'2020-05-27 02:23:12',	'MACFARIA'),
(62,	28,	2956,	4,	0,	-1,	0,	0,	0,	'',	'2020-05-27 15:30:39',	'MACFARIA',	'2020-05-27 23:30:39',	'MACFARIA'),
(63,	28,	2995,	4,	0,	-1,	0,	0,	0,	'',	'2020-05-27 17:17:39',	'MACFARIA',	'2020-05-28 01:17:39',	'MACFARIA'),
(64,	28,	3020,	4,	0,	-1,	0,	0,	0,	'',	'2020-05-27 17:46:16',	'MACFARIA',	'2020-05-28 01:46:16',	'MACFARIA'),
(65,	28,	3191,	1,	0,	-1,	0,	0,	0,	'',	'2020-05-29 18:13:06',	'MACFARIA',	'2020-08-14 06:12:54',	'MACFARIA'),
(66,	28,	3223,	4,	0,	-1,	0,	0,	0,	'',	'2020-05-29 19:37:01',	'MACFARIA',	'2020-08-17 07:25:14',	'MACFARIA'),
(67,	28,	3235,	4,	0,	-1,	0,	0,	0,	'',	'2020-05-29 19:38:21',	'MACFARIA',	'2020-10-23 21:32:58',	'MACFARIA'),
(68,	28,	3247,	4,	0,	-1,	0,	0,	0,	'',	'2020-05-29 19:39:51',	'MACFARIA',	'2020-10-23 21:34:03',	'MACFARIA'),
(69,	28,	3259,	4,	0,	-1,	0,	0,	0,	'',	'2020-05-29 19:41:23',	'MACFARIA',	'2020-10-23 21:25:09',	'MACFARIA'),
(70,	28,	3271,	4,	0,	-1,	0,	0,	0,	'',	'2020-05-29 19:44:19',	'MACFARIA',	'2020-11-02 23:23:01',	'MACFARIA'),
(71,	28,	3283,	4,	0,	-1,	0,	0,	0,	'',	'2020-05-29 19:47:13',	'MACFARIA',	'2020-05-30 05:20:36',	'MACFARIA'),
(72,	28,	3295,	4,	0,	-1,	0,	0,	0,	'',	'2020-05-29 19:49:57',	'MACFARIA',	'2020-10-23 21:35:37',	'MACFARIA'),
(73,	28,	3307,	4,	0,	-1,	0,	0,	0,	'',	'2020-05-29 20:11:09',	'MACFARIA',	'2020-10-23 21:28:59',	'MACFARIA'),
(74,	28,	3319,	4,	0,	-1,	0,	0,	0,	'',	'2020-05-29 20:45:40',	'MACFARIA',	'2020-10-23 21:31:41',	'MACFARIA'),
(75,	28,	3464,	4,	0,	-1,	0,	0,	0,	'',	'2020-05-31 23:52:03',	'MACFARIA',	'2020-08-12 01:24:40',	'MACFARIA'),
(76,	28,	3476,	4,	0,	-1,	0,	1,	0,	'',	'2020-05-31 23:54:55',	'MACFARIA',	'2020-06-01 07:54:55',	'MACFARIA'),
(77,	28,	3488,	4,	0,	-1,	0,	0,	0,	'',	'2020-05-31 23:58:35',	'MACFARIA',	'2020-11-03 00:19:15',	'MACFARIA'),
(78,	28,	3500,	4,	0,	-1,	0,	0,	0,	'',	'2020-06-01 00:02:20',	'MACFARIA',	'2020-06-01 08:02:20',	'MACFARIA'),
(79,	28,	3519,	4,	0,	-1,	0,	0,	0,	'',	'2020-06-11 14:56:01',	'MACFARIA',	'2020-06-12 21:08:33',	'MACFARIA'),
(80,	28,	3527,	4,	0,	-1,	0,	0,	0,	'',	'2020-06-11 15:00:51',	'MACFARIA',	'2020-06-11 23:00:51',	'MACFARIA'),
(81,	28,	3537,	1,	0,	-1,	0,	0,	0,	'',	'2020-06-11 15:09:45',	'MACFARIA',	'2020-06-12 21:24:55',	'MACFARIA'),
(82,	28,	3548,	1,	0,	-1,	0,	0,	0,	'',	'2020-06-11 15:19:25',	'MACFARIA',	'2020-06-12 21:40:38',	'MACFARIA'),
(83,	28,	3559,	1,	0,	-1,	0,	0,	0,	'',	'2020-06-11 15:24:05',	'MACFARIA',	'2020-06-12 21:56:22',	'MACFARIA'),
(84,	28,	3563,	4,	0,	-1,	0,	0,	0,	'',	'2020-06-11 15:25:27',	'MACFARIA',	'2020-06-11 23:25:27',	'MACFARIA'),
(85,	28,	3567,	4,	0,	-1,	0,	0,	0,	'',	'2020-06-11 15:32:39',	'MACFARIA',	'2020-06-11 23:32:39',	'MACFARIA'),
(86,	28,	3573,	4,	0,	-1,	0,	0,	0,	'',	'2020-06-11 15:35:48',	'MACFARIA',	'2020-06-12 22:10:28',	'MACFARIA'),
(87,	28,	3576,	4,	0,	-1,	0,	0,	0,	'',	'2020-06-11 15:39:28',	'MACFARIA',	'2020-06-11 23:39:28',	'MACFARIA'),
(88,	28,	3773,	4,	0,	-1,	0,	0,	0,	'',	'2020-06-11 18:07:13',	'MACFARIA',	'2020-06-12 22:49:01',	'MACFARIA'),
(89,	28,	3776,	2,	0,	-1,	0,	0,	0,	'',	'2020-06-11 18:09:25',	'MACFARIA',	'2020-06-12 22:56:18',	'MACFARIA'),
(90,	28,	3782,	4,	0,	-1,	0,	0,	0,	'',	'2020-06-11 18:13:27',	'MACFARIA',	'2020-06-13 00:17:54',	'MACFARIA'),
(91,	28,	3789,	4,	0,	-1,	0,	0,	0,	'',	'2020-06-11 18:27:36',	'MACFARIA',	'2020-07-23 16:20:40',	'briana'),
(92,	28,	4008,	1,	0,	-1,	0,	0,	1,	'briana',	'2020-06-12 17:07:03',	'MACFARIA',	'2020-07-21 19:16:00',	'briana'),
(93,	28,	4017,	1,	0,	-1,	0,	1,	0,	'',	'2020-06-12 17:11:05',	'MACFARIA',	'2020-06-13 01:11:05',	'MACFARIA'),
(94,	28,	4114,	4,	0,	-1,	0,	0,	0,	'',	'2020-06-12 23:38:41',	'MACFARIA',	'2020-06-13 07:38:41',	'MACFARIA'),
(95,	28,	4140,	4,	0,	-1,	0,	0,	0,	'',	'2020-06-13 00:17:26',	'MACFARIA',	'2020-06-13 08:17:26',	'MACFARIA'),
(96,	28,	4146,	4,	0,	-1,	0,	0,	0,	'',	'2020-06-13 00:19:37',	'MACFARIA',	'2020-06-13 08:19:37',	'MACFARIA'),
(97,	28,	4152,	4,	0,	-1,	0,	0,	0,	'',	'2020-06-13 00:21:00',	'MACFARIA',	'2020-06-13 08:21:00',	'MACFARIA'),
(98,	28,	4155,	4,	0,	-1,	0,	0,	0,	'',	'2020-06-13 00:23:49',	'MACFARIA',	'2020-06-13 08:23:49',	'MACFARIA'),
(99,	29,	4302,	1,	0,	-1,	0,	0,	0,	'',	'2020-06-15 15:24:51',	'hpatrick',	'2020-06-15 23:24:51',	'hpatrick'),
(100,	29,	4318,	4,	0,	-1,	0,	0,	0,	'',	'2020-06-15 15:27:56',	'hpatrick',	'2020-06-15 23:27:56',	'hpatrick'),
(101,	28,	4357,	4,	0,	-1,	0,	0,	0,	'',	'2020-06-15 15:51:48',	'MACFARIA',	'2020-06-15 23:51:48',	'MACFARIA'),
(102,	28,	4363,	4,	0,	-1,	0,	0,	0,	'',	'2020-06-15 15:53:20',	'MACFARIA',	'2020-06-15 23:53:20',	'MACFARIA'),
(103,	29,	4402,	1,	0,	-1,	0,	0,	0,	'',	'2020-06-15 16:12:42',	'hpatrick',	'2020-06-16 00:12:42',	'hpatrick'),
(104,	29,	4476,	1,	0,	-1,	0,	0,	0,	'',	'2020-06-15 16:21:05',	'hpatrick',	'2020-06-16 00:21:05',	'hpatrick'),
(105,	28,	4535,	4,	0,	-1,	0,	0,	0,	'',	'2020-07-16 16:41:20',	'MACFARIA',	'2020-07-17 00:41:20',	'MACFARIA'),
(106,	8,	4582,	1,	0,	-1,	0,	0,	1,	'briana',	'2020-07-21 11:21:37',	'briana',	'2020-07-21 23:00:11',	'briana'),
(107,	8,	4599,	1,	0,	-1,	0,	0,	0,	'',	'2020-07-21 11:35:23',	'briana',	'2020-07-21 22:47:37',	'briana'),
(108,	8,	4749,	1,	0,	-1,	0,	0,	1,	'briana',	'2020-07-21 15:03:13',	'briana',	'2020-07-21 23:09:02',	'briana'),
(109,	8,	4763,	1,	0,	-1,	0,	0,	0,	'',	'2020-07-21 15:12:27',	'briana',	'2020-07-21 23:13:13',	'briana'),
(110,	28,	4805,	4,	0,	-1,	0,	0,	0,	'',	'2020-07-22 17:27:16',	'MACFARIA',	'2020-07-23 01:27:16',	'MACFARIA'),
(111,	28,	4840,	4,	0,	-1,	0,	0,	0,	'',	'2020-07-24 10:35:54',	'MACFARIA',	'2020-07-24 18:35:54',	'MACFARIA'),
(112,	28,	4921,	4,	0,	-1,	0,	0,	1,	'MACFARIA',	'2020-07-24 15:20:59',	'MACFARIA',	'2020-10-23 21:15:14',	'MACFARIA'),
(113,	28,	5099,	1,	0,	-1,	0,	0,	0,	'',	'2020-07-26 13:24:44',	'MACFARIA',	'2020-07-26 21:26:38',	'MACFARIA'),
(114,	50,	5209,	2,	0,	-1,	0,	0,	0,	'',	'2020-07-28 12:54:46',	'romina',	'2020-07-28 20:54:46',	'romina'),
(115,	50,	5220,	1,	0,	-1,	0,	0,	0,	'',	'2020-07-28 13:05:25',	'romina',	'2020-07-28 21:05:25',	'romina'),
(116,	50,	5225,	1,	0,	-1,	0,	0,	0,	'',	'2020-07-28 13:09:00',	'romina',	'2020-07-28 21:09:00',	'romina'),
(117,	50,	5230,	1,	0,	-1,	0,	0,	0,	'',	'2020-07-28 13:16:16',	'romina',	'2020-07-28 21:16:16',	'romina'),
(118,	50,	5236,	1,	0,	-1,	0,	0,	0,	'',	'2020-07-28 13:20:53',	'romina',	'2020-07-28 21:20:53',	'romina'),
(119,	50,	5245,	1,	0,	-1,	0,	0,	0,	'',	'2020-07-28 13:24:43',	'romina',	'2020-07-28 21:24:43',	'romina'),
(120,	50,	5250,	1,	0,	-1,	0,	0,	0,	'',	'2020-07-28 13:25:45',	'romina',	'2020-07-28 21:26:05',	'romina'),
(121,	8,	5313,	4,	0,	-1,	0,	0,	0,	'',	'2020-07-29 11:21:44',	'briana',	'2020-07-29 19:28:01',	'briana'),
(122,	8,	5347,	4,	0,	-1,	0,	0,	0,	'',	'2020-08-10 08:45:28',	'briana',	'2020-08-10 16:45:28',	'briana'),
(123,	8,	5422,	4,	0,	-1,	0,	0,	0,	'',	'2020-08-10 11:01:55',	'briana',	'2020-08-10 19:01:55',	'briana'),
(124,	50,	5509,	4,	0,	-1,	0,	0,	1,	'romina',	'2020-08-11 12:51:16',	'romina',	'2020-08-11 20:52:30',	'romina'),
(125,	28,	5521,	4,	0,	-1,	0,	0,	0,	'',	'2020-08-13 17:21:30',	'MACFARIA',	'2020-10-23 21:17:12',	'MACFARIA'),
(126,	21,	5653,	4,	0,	-1,	0,	0,	0,	'',	'2020-08-17 11:27:54',	'dbourdua',	'2020-08-17 19:27:54',	'dbourdua'),
(127,	21,	5708,	4,	0,	-1,	0,	0,	0,	'',	'2020-08-17 13:20:36',	'dbourdua',	'2020-08-17 21:20:36',	'dbourdua'),
(128,	21,	5721,	4,	0,	-1,	0,	0,	0,	'',	'2020-08-17 13:22:43',	'dbourdua',	'2020-08-17 21:22:43',	'dbourdua'),
(129,	21,	5734,	4,	0,	-1,	0,	1,	0,	'',	'2020-08-17 13:25:41',	'dbourdua',	'2020-08-17 21:25:41',	'dbourdua'),
(130,	21,	5745,	2,	0,	-1,	0,	1,	0,	'',	'2020-08-17 13:27:38',	'dbourdua',	'2020-08-17 21:27:38',	'dbourdua'),
(131,	28,	5794,	1,	0,	-1,	0,	0,	0,	'',	'2020-08-19 23:50:34',	'MACFARIA',	'2020-08-20 07:50:34',	'MACFARIA'),
(132,	28,	5819,	1,	0,	-1,	0,	0,	0,	'',	'2020-08-19 23:56:25',	'MACFARIA',	'2020-08-20 07:56:25',	'MACFARIA'),
(133,	50,	5846,	4,	0,	-1,	0,	0,	0,	'',	'2020-08-21 11:11:01',	'romina',	'2020-08-21 19:11:01',	'romina'),
(134,	50,	5852,	4,	0,	-1,	0,	0,	0,	'',	'2020-08-21 11:12:45',	'romina',	'2020-08-21 19:12:45',	'romina'),
(135,	50,	5857,	4,	0,	-1,	0,	0,	0,	'',	'2020-08-21 11:13:27',	'romina',	'2020-08-21 19:13:27',	'romina'),
(136,	50,	5863,	4,	0,	-1,	0,	0,	0,	'',	'2020-08-21 11:16:38',	'romina',	'2020-08-21 19:16:38',	'romina'),
(137,	50,	5866,	2,	0,	-1,	0,	0,	0,	'',	'2020-08-21 11:17:10',	'romina',	'2020-08-21 19:17:10',	'romina'),
(138,	28,	5962,	1,	0,	-1,	0,	0,	0,	'',	'2020-08-24 10:11:53',	'MACFARIA',	'2020-08-24 18:11:53',	'MACFARIA'),
(139,	29,	6003,	4,	0,	-1,	0,	0,	0,	'',	'2020-08-26 11:24:06',	'hpatrick',	'2020-08-26 19:24:06',	'hpatrick'),
(140,	51,	6066,	2,	0,	-1,	0,	0,	0,	'',	'2020-08-26 16:50:27',	'yuanchao',	'2020-09-08 18:51:20',	'yuanchao'),
(141,	51,	6173,	4,	0,	-1,	0,	0,	0,	'',	'2020-09-04 16:19:07',	'yuanchao',	'2020-09-05 00:19:07',	'yuanchao'),
(142,	51,	6206,	2,	0,	-1,	0,	0,	0,	'',	'2020-09-08 09:52:34',	'yuanchao',	'2020-09-08 18:51:51',	'yuanchao'),
(143,	51,	6243,	3,	0,	-1,	0,	0,	1,	'yuanchao',	'2020-09-15 09:29:18',	'yuanchao',	'2020-09-15 17:31:20',	'yuanchao'),
(144,	51,	6246,	2,	0,	-1,	0,	0,	1,	'yuanchao',	'2020-09-15 09:30:59',	'yuanchao',	'2020-09-15 17:31:26',	'yuanchao'),
(145,	28,	6251,	4,	0,	-1,	0,	0,	0,	'',	'2020-09-16 14:16:47',	'MACFARIA',	'2020-09-16 22:16:47',	'MACFARIA'),
(146,	28,	6472,	4,	0,	-1,	0,	0,	0,	'',	'2020-09-16 16:18:50',	'MACFARIA',	'2020-09-17 00:18:50',	'MACFARIA'),
(147,	28,	6594,	1,	0,	-1,	0,	0,	0,	'',	'2020-09-29 13:24:00',	'MACFARIA',	'2020-09-30 01:13:11',	'yuanchao'),
(148,	51,	6636,	4,	0,	-1,	0,	0,	0,	'',	'2020-09-29 16:51:44',	'yuanchao',	'2020-09-30 00:51:44',	'yuanchao'),
(149,	28,	6735,	4,	0,	-1,	0,	0,	0,	'',	'2020-10-09 10:05:47',	'MACFARIA',	'2020-10-09 18:05:47',	'MACFARIA'),
(150,	28,	6808,	2,	0,	-1,	0,	0,	0,	'',	'2020-10-09 12:49:05',	'MACFARIA',	'2020-10-09 20:49:05',	'MACFARIA'),
(151,	28,	6869,	2,	0,	-1,	0,	0,	0,	'',	'2020-10-09 13:52:16',	'MACFARIA',	'2020-10-09 21:57:26',	'MACFARIA'),
(152,	28,	6884,	2,	0,	-1,	0,	0,	0,	'',	'2020-10-09 14:24:21',	'MACFARIA',	'2020-10-09 22:24:21',	'MACFARIA'),
(153,	28,	6887,	2,	0,	-1,	0,	0,	0,	'',	'2020-10-09 14:28:00',	'MACFARIA',	'2020-10-20 19:19:36',	'MACFARIA'),
(154,	28,	6890,	2,	0,	-1,	0,	0,	0,	'',	'2020-10-09 14:30:40',	'MACFARIA',	'2020-10-09 22:30:40',	'MACFARIA'),
(155,	28,	6893,	2,	0,	-1,	0,	0,	0,	'',	'2020-10-09 14:32:51',	'MACFARIA',	'2020-10-09 22:32:51',	'MACFARIA'),
(156,	28,	6896,	2,	0,	-1,	0,	0,	0,	'',	'2020-10-09 14:35:36',	'MACFARIA',	'2020-10-09 22:35:36',	'MACFARIA'),
(157,	28,	6899,	2,	0,	-1,	0,	0,	0,	'',	'2020-10-09 14:38:57',	'MACFARIA',	'2020-10-09 22:38:57',	'MACFARIA'),
(158,	28,	6902,	2,	0,	-1,	0,	0,	0,	'',	'2020-10-09 14:52:33',	'MACFARIA',	'2020-10-09 22:52:33',	'MACFARIA'),
(159,	28,	6905,	2,	0,	-1,	0,	0,	0,	'',	'2020-10-09 14:55:32',	'MACFARIA',	'2020-10-09 23:37:33',	'MACFARIA'),
(160,	28,	6908,	2,	0,	-1,	0,	0,	0,	'',	'2020-10-09 14:59:41',	'MACFARIA',	'2020-10-09 22:59:41',	'MACFARIA'),
(161,	28,	6911,	2,	0,	-1,	0,	0,	0,	'',	'2020-10-09 15:02:23',	'MACFARIA',	'2020-10-09 23:02:23',	'MACFARIA'),
(162,	28,	6971,	2,	0,	-1,	0,	0,	0,	'',	'2020-10-09 15:55:18',	'MACFARIA',	'2020-10-09 23:55:18',	'MACFARIA'),
(163,	28,	7016,	2,	0,	-1,	0,	0,	0,	'',	'2020-10-13 14:06:02',	'MACFARIA',	'2020-10-13 22:06:02',	'MACFARIA'),
(164,	28,	7031,	2,	0,	-1,	0,	0,	0,	'',	'2020-10-15 22:53:30',	'MACFARIA',	'2020-10-16 06:53:30',	'MACFARIA'),
(165,	28,	7146,	2,	0,	-1,	0,	0,	0,	'',	'2020-10-16 20:10:19',	'MACFARIA',	'2020-10-17 04:10:19',	'MACFARIA'),
(166,	28,	7149,	2,	0,	-1,	0,	0,	0,	'',	'2020-10-16 20:12:12',	'MACFARIA',	'2020-10-17 04:12:12',	'MACFARIA'),
(167,	28,	7152,	2,	0,	-1,	0,	0,	0,	'',	'2020-10-16 20:19:02',	'MACFARIA',	'2020-10-17 04:19:02',	'MACFARIA'),
(168,	28,	7155,	2,	0,	-1,	0,	0,	0,	'',	'2020-10-16 20:23:24',	'MACFARIA',	'2020-10-17 04:23:24',	'MACFARIA'),
(169,	10,	7194,	4,	0,	-1,	0,	0,	0,	'',	'2020-10-16 22:54:18',	'jkildea',	'2020-10-17 06:54:18',	'jkildea'),
(170,	28,	7234,	2,	0,	-1,	0,	0,	0,	'',	'2020-10-20 09:09:58',	'MACFARIA',	'2020-10-20 19:38:30',	'MACFARIA'),
(171,	28,	7335,	4,	0,	-1,	0,	0,	0,	'',	'2020-10-26 16:34:04',	'MACFARIA',	'2020-10-27 00:34:04',	'MACFARIA'),
(172,	28,	7409,	4,	0,	-1,	0,	0,	0,	'',	'2020-11-02 13:26:21',	'MACFARIA',	'2020-11-02 23:26:39',	'MACFARIA'),
(173,	51,	7518,	4,	0,	-1,	0,	0,	0,	'',	'2020-11-04 21:48:22',	'yuanchao',	'2020-11-05 07:48:22',	'yuanchao'),
(174,	51,	7745,	2,	0,	-1,	0,	0,	0,	'',	'2020-11-05 12:27:18',	'yuanchao',	'2020-11-05 22:27:18',	'yuanchao'),
(175,	51,	7966,	4,	0,	-1,	0,	0,	0,	'',	'2020-11-05 16:46:04',	'yuanchao',	'2020-11-06 02:46:04',	'yuanchao'),
(176,	51,	7972,	4,	0,	-1,	0,	0,	0,	'',	'2020-11-05 16:47:07',	'yuanchao',	'2020-11-06 02:47:07',	'yuanchao'),
(177,	51,	7976,	4,	0,	-1,	0,	0,	0,	'',	'2020-11-05 16:47:51',	'yuanchao',	'2020-11-06 02:47:51',	'yuanchao'),
(178,	51,	7980,	4,	0,	-1,	0,	0,	0,	'',	'2020-11-05 16:48:43',	'yuanchao',	'2020-11-06 02:48:43',	'yuanchao'),
(179,	51,	8075,	4,	0,	-1,	0,	0,	0,	'',	'2020-11-09 00:24:53',	'yuanchao',	'2020-11-09 10:24:53',	'yuanchao'),
(180,	51,	8144,	4,	0,	-1,	0,	0,	0,	'',	'2020-11-09 00:56:18',	'yuanchao',	'2020-11-09 21:32:21',	'yuanchao'),
(181,	51,	8150,	4,	0,	-1,	0,	0,	0,	'',	'2020-11-09 11:37:17',	'yuanchao',	'2020-11-09 21:37:17',	'yuanchao'),
(182,	63,	8295,	4,	0,	-1,	0,	0,	0,	'',	'2020-12-09 14:41:40',	'MAYU6004',	'2020-12-10 00:41:40',	'MAYU6004'),
(183,	63,	8415,	1,	0,	-1,	0,	0,	0,	'',	'2020-12-15 15:47:37',	'MAYU6004',	'2020-12-16 02:56:04',	'MAYU6004'),
(184,	63,	8420,	4,	0,	-1,	0,	0,	1,	'MAYU6004',	'2020-12-15 16:24:27',	'MAYU6004',	'2020-12-16 02:36:23',	'MAYU6004'),
(185,	63,	8426,	1,	0,	-1,	0,	0,	0,	'',	'2020-12-15 16:34:41',	'MAYU6004',	'2020-12-17 21:07:54',	'MAYU6004'),
(186,	63,	8431,	4,	0,	-1,	0,	0,	0,	'',	'2020-12-15 16:38:31',	'MAYU6004',	'2020-12-16 02:38:42',	'MAYU6004'),
(187,	63,	8719,	4,	0,	-1,	0,	0,	0,	'',	'2020-12-17 13:03:10',	'MAYU6004',	'2020-12-17 23:03:10',	'MAYU6004'),
(188,	63,	8725,	4,	0,	-1,	0,	0,	0,	'',	'2020-12-17 13:05:40',	'MAYU6004',	'2020-12-17 23:05:40',	'MAYU6004'),
(189,	63,	8731,	4,	0,	-1,	0,	0,	0,	'',	'2020-12-17 15:50:19',	'MAYU6004',	'2020-12-18 01:50:19',	'MAYU6004'),
(190,	63,	8743,	1,	0,	-1,	0,	0,	0,	'',	'2020-12-17 17:57:02',	'MAYU6004',	'2020-12-18 03:57:02',	'MAYU6004'),
(191,	62,	8789,	4,	0,	-1,	0,	0,	0,	'',	'2021-01-22 10:46:05',	'FAMA6017',	'2021-01-22 20:46:05',	'FAMA6017'),
(192,	62,	8794,	4,	0,	-1,	0,	0,	0,	'',	'2021-01-22 10:57:37',	'FAMA6017',	'2021-01-22 20:57:37',	'FAMA6017'),
(193,	62,	8798,	4,	0,	-1,	0,	0,	0,	'',	'2021-01-22 11:06:02',	'FAMA6017',	'2021-01-22 21:06:02',	'FAMA6017'),
(194,	63,	9377,	4,	0,	-1,	0,	0,	0,	'',	'2021-02-03 11:12:00',	'MAYU6004',	'2021-02-03 21:12:00',	'MAYU6004'),
(195,	10,	9403,	1,	0,	-1,	0,	0,	0,	'',	'2021-03-02 10:57:38',	'jkildea',	'2021-03-02 20:57:38',	'jkildea'),
(196,	63,	9418,	1,	0,	-1,	0,	0,	0,	'',	'2021-03-23 15:15:37',	'MAYU6004',	'2021-03-24 00:16:14',	'MAYU6004'),
(197,	63,	9422,	4,	0,	-1,	0,	0,	0,	'',	'2021-03-23 15:19:13',	'MAYU6004',	'2021-03-23 23:19:13',	'MAYU6004'),
(198,	63,	9429,	4,	0,	-1,	0,	0,	0,	'',	'2021-03-23 15:23:30',	'MAYU6004',	'2021-03-23 23:23:30',	'MAYU6004'),
(199,	63,	9435,	4,	0,	-1,	0,	0,	0,	'',	'2021-03-23 15:29:06',	'MAYU6004',	'2021-03-23 23:29:06',	'MAYU6004'),
(200,	63,	9439,	4,	0,	-1,	0,	0,	0,	'',	'2021-03-23 15:30:17',	'MAYU6004',	'2021-03-23 23:30:17',	'MAYU6004'),
(201,	62,	9580,	2,	0,	-1,	0,	0,	1,	'FAMA6017',	'2021-04-13 10:08:37',	'FAMA6017',	'2021-04-13 18:09:41',	'FAMA6017'),
(202,	81,	9606,	1,	0,	-1,	0,	0,	0,	'',	'2021-05-18 08:31:52',	'PAHA6003',	'2021-05-18 16:31:52',	'PAHA6003'),
(203,	81,	9632,	1,	0,	-1,	0,	0,	0,	'',	'2021-05-18 08:33:35',	'PAHA6003',	'2021-05-18 16:33:35',	'PAHA6003'),
(204,	81,	9659,	1,	0,	-1,	0,	0,	0,	'',	'2021-05-18 08:35:26',	'PAHA6003',	'2021-05-18 16:35:26',	'PAHA6003'),
(205,	81,	9702,	1,	0,	-1,	0,	0,	0,	'',	'2021-05-18 08:41:50',	'PAHA6003',	'2021-05-18 16:41:50',	'PAHA6003'),
(206,	81,	9741,	1,	0,	-1,	0,	0,	0,	'',	'2021-05-18 08:47:29',	'PAHA6003',	'2021-05-18 16:47:29',	'PAHA6003'),
(207,	81,	9785,	1,	0,	-1,	0,	0,	0,	'',	'2021-05-18 08:54:08',	'PAHA6003',	'2021-05-18 16:54:08',	'PAHA6003'),
(208,	81,	9817,	1,	0,	-1,	0,	0,	0,	'',	'2021-05-18 08:57:23',	'PAHA6003',	'2021-05-18 16:57:23',	'PAHA6003'),
(209,	81,	9834,	1,	0,	-1,	0,	0,	0,	'',	'2021-05-18 09:00:52',	'PAHA6003',	'2021-05-18 17:00:52',	'PAHA6003'),
(210,	81,	9855,	1,	0,	-1,	0,	0,	0,	'',	'2021-05-18 09:15:34',	'PAHA6003',	'2021-05-18 17:15:34',	'PAHA6003'),
(211,	81,	9879,	1,	0,	-1,	0,	0,	0,	'',	'2021-05-18 09:19:03',	'PAHA6003',	'2021-05-18 17:19:03',	'PAHA6003'),
(212,	81,	9900,	1,	0,	-1,	0,	0,	0,	'',	'2021-05-18 09:31:31',	'PAHA6003',	'2021-05-18 17:31:31',	'PAHA6003'),
(213,	81,	9927,	1,	0,	-1,	0,	0,	0,	'',	'2021-05-18 09:38:26',	'PAHA6003',	'2021-05-18 17:38:26',	'PAHA6003'),
(214,	81,	9952,	1,	0,	-1,	0,	0,	0,	'',	'2021-05-18 09:42:16',	'PAHA6003',	'2021-05-18 17:42:16',	'PAHA6003'),
(215,	81,	9973,	1,	0,	-1,	0,	0,	0,	'',	'2021-05-18 09:46:58',	'PAHA6003',	'2021-05-18 17:46:58',	'PAHA6003'),
(216,	81,	9991,	1,	0,	-1,	0,	0,	0,	'',	'2021-05-18 09:49:36',	'PAHA6003',	'2021-05-18 17:49:36',	'PAHA6003'),
(217,	74,	10184,	1,	0,	-1,	0,	0,	0,	'',	'2021-05-20 07:58:49',	'CABR6008',	'2021-05-20 15:58:49',	'CABR6008'),
(218,	74,	10189,	1,	0,	-1,	0,	0,	0,	'',	'2021-05-20 08:00:15',	'CABR6008',	'2021-05-20 16:00:15',	'CABR6008'),
(219,	62,	10418,	4,	0,	-1,	0,	0,	0,	'',	'2021-06-23 16:38:43',	'FAMA6017',	'2021-06-24 00:38:43',	'FAMA6017'),
(220,	74,	10471,	4,	0,	-1,	0,	0,	0,	'',	'2021-07-20 14:58:38',	'CABR6008',	'2021-07-20 22:58:38',	'CABR6008'),
(221,	74,	10476,	4,	0,	-1,	0,	0,	0,	'',	'2021-07-20 15:00:37',	'CABR6008',	'2021-07-20 23:00:37',	'CABR6008'),
(222,	74,	10478,	4,	0,	-1,	0,	0,	0,	'',	'2021-07-20 15:01:15',	'CABR6008',	'2021-08-03 19:21:11',	'CABR6008'),
(223,	74,	10509,	4,	0,	-1,	0,	0,	0,	'',	'2021-07-21 08:11:02',	'CABR6008',	'2021-07-21 16:11:02',	'CABR6008'),
(224,	74,	10517,	4,	0,	-1,	0,	0,	0,	'',	'2021-07-21 08:21:54',	'CABR6008',	'2021-07-21 16:21:54',	'CABR6008'),
(225,	74,	10525,	4,	0,	-1,	0,	0,	0,	'',	'2021-07-21 08:25:02',	'CABR6008',	'2021-07-21 16:25:02',	'CABR6008'),
(226,	74,	10631,	4,	0,	-1,	0,	0,	0,	'',	'2021-07-21 09:13:07',	'CABR6008',	'2021-07-21 17:13:07',	'CABR6008'),
(227,	74,	10636,	4,	0,	-1,	0,	0,	0,	'',	'2021-07-21 09:15:21',	'CABR6008',	'2021-07-21 17:15:21',	'CABR6008'),
(228,	74,	10744,	4,	0,	-1,	0,	0,	0,	'',	'2021-08-03 11:21:31',	'CABR6008',	'2021-08-03 19:21:31',	'CABR6008'),
(229,	62,	10779,	2,	0,	-1,	0,	0,	0,	'',	'2021-09-06 09:43:36',	'FAMA6017',	'2021-09-06 17:43:36',	'FAMA6017'),
-- open ended text box question template
(230,	13,	20041,	3,	0,	-1,	0,	0,	0,	'',	'2023-09-22 10:29:36',	'AGKE6000',	'2023-09-22 14:29:48',	'AGKE6000');


INSERT INTO `templateQuestionCheckbox` (`ID`, `templateQuestionId`, `minAnswer`, `maxAnswer`) VALUES
(1,	26,	1,	6),
(2,	48,	1,	8),
(3,	49,	1,	3),
(4,	50,	1,	4),
(5,	65,	1,	11),
(6,	81,	1,	10),
(7,	82,	1,	9),
(8,	83,	1,	10),
(9,	92,	1,	5),
(10,	93,	1,	8),
(11,	99,	1,	6),
(12,	103,	1,	9),
(13,	104,	1,	8),
(14,	106,	1,	5),
(15,	107,	1,	8),
(16,	108,	1,	4),
(17,	109,	1,	5),
(18,	113,	1,	25),
(19,	115,	1,	5),
(20,	116,	1,	4),
(21,	117,	1,	4),
(22,	118,	1,	5),
(23,	119,	1,	8),
(24,	120,	1,	4),
(25,	131,	1,	3),
(26,	132,	1,	18),
(27,	138,	1,	4),
(28,	147,	1,	10),
(29,	183,	1,	8),
(30,	185,	1,	6),
(31,	190,	1,	11),
(32,	195,	1,	4),
(33,	196,	1,	15),
(34,	202,	1,	25),
(35,	203,	1,	25),
(36,	204,	1,	25),
(37,	205,	1,	14),
(38,	206,	1,	21),
(39,	207,	1,	19),
(40,	208,	1,	9),
(41,	209,	1,	4),
(42,	210,	1,	13),
(43,	211,	1,	7),
(44,	212,	1,	10),
(45,	213,	1,	13),
(46,	214,	1,	8),
(47,	215,	1,	9),
(48,	216,	1,	5),
(49,	217,	1,	4),
(50,	218,	1,	4);

INSERT INTO `templateQuestionCheckboxOption` (`ID`, `parentTableId`, `description`, `order`, `specialAction`) VALUES
(1,	1,	1173,	1,	0),
(2,	1,	1174,	2,	0),
(3,	1,	1175,	3,	0),
(4,	1,	1176,	4,	0),
(5,	1,	1177,	5,	0),
(6,	1,	1178,	6,	0),
(7,	2,	2715,	1,	0),
(8,	2,	2716,	2,	0),
(9,	2,	2717,	3,	0),
(10,	2,	2718,	4,	0),
(11,	2,	2719,	5,	0),
(12,	2,	2720,	6,	0),
(13,	2,	2721,	7,	0),
(14,	2,	2722,	8,	0),
(15,	3,	2765,	1,	0),
(16,	3,	2766,	2,	0),
(17,	3,	2767,	3,	0),
(18,	4,	2769,	1,	0),
(19,	4,	2770,	2,	0),
(20,	4,	2771,	3,	0),
(21,	4,	2772,	4,	0),
(22,	5,	3181,	1,	0),
(23,	5,	3182,	2,	0),
(24,	5,	3183,	3,	0),
(25,	5,	3184,	4,	0),
(26,	5,	3185,	5,	0),
(28,	5,	3187,	6,	0),
(29,	5,	3188,	7,	0),
(30,	5,	3189,	8,	0),
(32,	6,	3528,	1,	0),
(33,	6,	3529,	2,	0),
(34,	6,	3530,	3,	0),
(35,	6,	3531,	4,	0),
(36,	6,	3532,	5,	0),
(37,	6,	3533,	6,	0),
(38,	6,	3534,	7,	0),
(39,	6,	3535,	8,	0),
(40,	6,	3536,	9,	0),
(42,	7,	3539,	1,	0),
(43,	7,	3540,	2,	0),
(44,	7,	3541,	3,	0),
(45,	7,	3542,	4,	0),
(46,	7,	3543,	5,	0),
(47,	7,	3544,	6,	0),
(48,	7,	3545,	7,	0),
(49,	7,	3546,	8,	0),
(50,	7,	3547,	9,	0),
(51,	8,	3549,	1,	0),
(52,	8,	3550,	2,	0),
(53,	8,	3551,	3,	0),
(54,	8,	3552,	4,	0),
(55,	8,	3553,	5,	0),
(56,	8,	3554,	6,	0),
(57,	8,	3555,	7,	0),
(58,	8,	3556,	8,	0),
(59,	8,	3557,	9,	0),
(60,	8,	3558,	10,	0),
(61,	6,	3983,	10,	0),
(62,	9,	4003,	1,	0),
(63,	9,	4004,	2,	0),
(64,	9,	4005,	3,	0),
(65,	9,	4006,	4,	0),
(66,	9,	4007,	5,	0),
(67,	10,	4009,	1,	0),
(68,	10,	4010,	2,	0),
(69,	10,	4011,	3,	0),
(70,	10,	4012,	4,	0),
(71,	10,	4013,	5,	0),
(72,	10,	4014,	6,	0),
(73,	10,	4015,	7,	0),
(74,	10,	4016,	8,	0),
(75,	11,	4296,	1,	0),
(76,	11,	4297,	2,	0),
(77,	11,	4298,	3,	0),
(78,	11,	4299,	4,	0),
(79,	11,	4300,	5,	0),
(80,	11,	4301,	6,	0),
(81,	12,	4393,	1,	0),
(82,	12,	4394,	2,	0),
(83,	12,	4395,	3,	0),
(84,	12,	4396,	4,	0),
(85,	12,	4397,	5,	0),
(86,	12,	4398,	6,	0),
(87,	12,	4399,	7,	0),
(88,	12,	4400,	8,	0),
(89,	12,	4401,	9,	0),
(90,	13,	4468,	1,	0),
(91,	13,	4469,	2,	0),
(92,	13,	4470,	3,	0),
(93,	13,	4471,	4,	0),
(94,	13,	4472,	5,	0),
(95,	13,	4473,	6,	0),
(96,	13,	4474,	7,	0),
(97,	13,	4475,	8,	0),
(98,	14,	4577,	1,	0),
(99,	14,	4578,	2,	0),
(100,	14,	4579,	3,	0),
(101,	14,	4580,	4,	0),
(102,	14,	4581,	5,	0),
(103,	15,	4591,	1,	0),
(104,	15,	4592,	2,	0),
(105,	15,	4593,	3,	0),
(106,	15,	4594,	4,	0),
(107,	15,	4595,	5,	0),
(108,	15,	4596,	6,	0),
(109,	15,	4597,	7,	0),
(110,	15,	4598,	8,	0),
(111,	16,	4744,	1,	0),
(112,	16,	4745,	2,	0),
(113,	16,	4746,	3,	0),
(114,	16,	4747,	4,	0),
(116,	17,	4758,	1,	0),
(117,	17,	4759,	2,	0),
(118,	17,	4760,	3,	0),
(119,	17,	4761,	5,	0),
(122,	17,	4765,	4,	0),
(123,	18,	5074,	1,	0),
(124,	18,	5075,	2,	0),
(125,	18,	5076,	3,	0),
(126,	18,	5077,	4,	0),
(127,	18,	5078,	5,	0),
(128,	18,	5079,	6,	0),
(129,	18,	5080,	7,	0),
(130,	18,	5081,	8,	0),
(131,	18,	5082,	9,	0),
(132,	18,	5083,	10,	0),
(133,	18,	5084,	11,	0),
(134,	18,	5085,	12,	0),
(135,	18,	5086,	13,	0),
(136,	18,	5087,	14,	0),
(137,	18,	5088,	15,	0),
(138,	18,	5089,	16,	0),
(139,	18,	5090,	17,	0),
(140,	18,	5091,	18,	0),
(141,	18,	5092,	19,	0),
(142,	18,	5093,	20,	0),
(143,	18,	5094,	21,	0),
(144,	18,	5095,	22,	0),
(145,	18,	5096,	23,	0),
(146,	18,	5097,	24,	0),
(147,	18,	5098,	25,	0),
(148,	19,	5215,	1,	0),
(149,	19,	5216,	2,	0),
(150,	19,	5217,	3,	0),
(151,	19,	5218,	4,	0),
(152,	19,	5219,	5,	0),
(153,	20,	5221,	1,	0),
(154,	20,	5222,	2,	0),
(155,	20,	5223,	3,	0),
(156,	20,	5224,	4,	0),
(157,	21,	5226,	1,	0),
(158,	21,	5227,	2,	0),
(159,	21,	5228,	3,	0),
(160,	21,	5229,	4,	0),
(161,	22,	5231,	1,	0),
(162,	22,	5232,	2,	0),
(163,	22,	5233,	3,	0),
(164,	22,	5234,	4,	0),
(165,	22,	5235,	5,	0),
(166,	23,	5237,	1,	0),
(167,	23,	5238,	2,	0),
(168,	23,	5239,	3,	0),
(169,	23,	5240,	4,	0),
(170,	23,	5241,	5,	0),
(171,	23,	5242,	6,	0),
(172,	23,	5243,	7,	0),
(173,	23,	5244,	8,	0),
(174,	24,	5246,	1,	0),
(175,	24,	5247,	2,	0),
(176,	24,	5248,	3,	0),
(177,	24,	5249,	4,	0),
(178,	5,	5625,	9,	0),
(179,	5,	5626,	10,	0),
(180,	5,	5627,	11,	0),
(181,	25,	5791,	1,	0),
(182,	25,	5792,	2,	0),
(183,	25,	5793,	3,	0),
(184,	26,	5801,	1,	0),
(185,	26,	5802,	2,	0),
(186,	26,	5803,	3,	0),
(187,	26,	5804,	4,	0),
(188,	26,	5805,	5,	0),
(189,	26,	5806,	6,	0),
(190,	26,	5807,	7,	0),
(191,	26,	5808,	8,	0),
(192,	26,	5809,	9,	0),
(193,	26,	5810,	10,	0),
(194,	26,	5811,	11,	0),
(195,	26,	5812,	12,	0),
(196,	26,	5813,	13,	0),
(197,	26,	5814,	14,	0),
(198,	26,	5815,	15,	0),
(199,	26,	5816,	16,	0),
(200,	26,	5817,	17,	0),
(201,	26,	5818,	18,	0),
(202,	27,	5958,	1,	0),
(203,	27,	5959,	2,	0),
(204,	27,	5960,	3,	0),
(205,	27,	5961,	4,	0),
(206,	28,	6585,	1,	0),
(207,	28,	6586,	2,	0),
(208,	28,	6587,	3,	0),
(209,	28,	6588,	4,	0),
(210,	28,	6589,	5,	0),
(211,	28,	6590,	6,	0),
(212,	28,	6591,	7,	0),
(213,	28,	6592,	8,	0),
(214,	28,	6593,	10,	0),
(215,	28,	6632,	9,	0),
(216,	29,	8408,	1,	0),
(217,	29,	8409,	2,	0),
(218,	29,	8410,	3,	0),
(219,	29,	8411,	4,	0),
(220,	29,	8412,	5,	0),
(221,	29,	8413,	6,	0),
(222,	29,	8414,	8,	0),
(223,	30,	8421,	1,	0),
(224,	30,	8422,	2,	0),
(225,	30,	8423,	3,	0),
(226,	30,	8424,	4,	0),
(227,	30,	8425,	6,	0),
(228,	29,	8432,	7,	0),
(229,	30,	8695,	5,	0),
(230,	31,	8732,	1,	0),
(231,	31,	8733,	2,	0),
(232,	31,	8734,	3,	0),
(233,	31,	8735,	4,	0),
(234,	31,	8736,	5,	0),
(235,	31,	8737,	6,	0),
(236,	31,	8738,	7,	0),
(237,	31,	8739,	8,	0),
(238,	31,	8740,	9,	0),
(239,	31,	8741,	10,	0),
(240,	31,	8742,	11,	0),
(241,	32,	9399,	1,	0),
(242,	32,	9400,	2,	0),
(243,	32,	9401,	3,	0),
(244,	32,	9402,	4,	0),
(245,	33,	9404,	1,	0),
(246,	33,	9405,	2,	0),
(247,	33,	9406,	3,	0),
(248,	33,	9407,	4,	0),
(249,	33,	9408,	5,	0),
(250,	33,	9409,	6,	0),
(251,	33,	9410,	7,	0),
(252,	33,	9411,	8,	0),
(253,	33,	9412,	9,	0),
(254,	33,	9413,	10,	0),
(255,	33,	9414,	11,	0),
(256,	33,	9415,	12,	0),
(257,	33,	9416,	13,	0),
(258,	33,	9417,	15,	0),
(259,	33,	9483,	14,	0),
(260,	34,	9581,	1,	0),
(261,	34,	9582,	2,	0),
(262,	34,	9583,	3,	0),
(263,	34,	9584,	4,	0),
(264,	34,	9585,	5,	0),
(265,	34,	9586,	6,	0),
(266,	34,	9587,	7,	0),
(267,	34,	9588,	8,	0),
(268,	34,	9589,	9,	0),
(269,	34,	9590,	10,	0),
(270,	34,	9591,	11,	0),
(271,	34,	9592,	12,	0),
(272,	34,	9593,	13,	0),
(273,	34,	9594,	14,	0),
(274,	34,	9595,	15,	0),
(275,	34,	9596,	16,	0),
(276,	34,	9597,	17,	0),
(277,	34,	9598,	18,	0),
(278,	34,	9599,	19,	0),
(279,	34,	9600,	20,	0),
(280,	34,	9601,	21,	0),
(281,	34,	9602,	22,	0),
(282,	34,	9603,	23,	0),
(283,	34,	9604,	24,	0),
(284,	34,	9605,	25,	0),
(285,	35,	9607,	1,	0),
(286,	35,	9608,	2,	0),
(287,	35,	9609,	3,	0),
(288,	35,	9610,	4,	0),
(289,	35,	9611,	5,	0),
(290,	35,	9612,	6,	0),
(291,	35,	9613,	7,	0),
(292,	35,	9614,	8,	0),
(293,	35,	9615,	9,	0),
(294,	35,	9616,	10,	0),
(295,	35,	9617,	11,	0),
(296,	35,	9618,	12,	0),
(297,	35,	9619,	13,	0),
(298,	35,	9620,	14,	0),
(299,	35,	9621,	15,	0),
(300,	35,	9622,	16,	0),
(301,	35,	9623,	17,	0),
(302,	35,	9624,	18,	0),
(303,	35,	9625,	19,	0),
(304,	35,	9626,	20,	0),
(305,	35,	9627,	21,	0),
(306,	35,	9628,	22,	0),
(307,	35,	9629,	23,	0),
(308,	35,	9630,	24,	0),
(309,	35,	9631,	25,	0),
(310,	36,	9634,	1,	0),
(311,	36,	9635,	2,	0),
(312,	36,	9636,	3,	0),
(313,	36,	9637,	4,	0),
(314,	36,	9638,	5,	0),
(315,	36,	9639,	6,	0),
(316,	36,	9640,	7,	0),
(317,	36,	9641,	8,	0),
(318,	36,	9642,	9,	0),
(319,	36,	9643,	10,	0),
(320,	36,	9644,	11,	0),
(321,	36,	9645,	12,	0),
(322,	36,	9646,	13,	0),
(323,	36,	9647,	14,	0),
(324,	36,	9648,	15,	0),
(325,	36,	9649,	16,	0),
(326,	36,	9650,	17,	0),
(327,	36,	9651,	18,	0),
(328,	36,	9652,	19,	0),
(329,	36,	9653,	20,	0),
(330,	36,	9654,	21,	0),
(331,	36,	9655,	22,	0),
(332,	36,	9656,	23,	0),
(333,	36,	9657,	24,	0),
(334,	36,	9658,	25,	0),
(335,	37,	9688,	1,	0),
(336,	37,	9689,	2,	0),
(337,	37,	9690,	3,	0),
(338,	37,	9691,	4,	0),
(339,	37,	9692,	5,	0),
(340,	37,	9693,	6,	0),
(341,	37,	9694,	7,	0),
(342,	37,	9695,	8,	0),
(343,	37,	9696,	9,	0),
(344,	37,	9697,	10,	0),
(345,	37,	9698,	11,	0),
(346,	37,	9699,	12,	0),
(347,	37,	9700,	13,	0),
(348,	37,	9701,	14,	0),
(349,	38,	9720,	1,	0),
(350,	38,	9721,	2,	0),
(351,	38,	9722,	3,	0),
(352,	38,	9723,	4,	0),
(353,	38,	9724,	5,	0),
(354,	38,	9725,	6,	0),
(355,	38,	9726,	7,	0),
(356,	38,	9727,	8,	0),
(357,	38,	9728,	9,	0),
(358,	38,	9729,	10,	0),
(359,	38,	9730,	11,	0),
(360,	38,	9731,	12,	0),
(361,	38,	9732,	13,	0),
(362,	38,	9733,	14,	0),
(363,	38,	9734,	15,	0),
(364,	38,	9735,	16,	0),
(365,	38,	9736,	17,	0),
(366,	38,	9737,	18,	0),
(367,	38,	9738,	19,	0),
(368,	38,	9739,	20,	0),
(369,	38,	9740,	21,	0),
(370,	39,	9766,	1,	0),
(371,	39,	9767,	2,	0),
(372,	39,	9768,	3,	0),
(373,	39,	9769,	4,	0),
(374,	39,	9770,	5,	0),
(375,	39,	9771,	6,	0),
(376,	39,	9772,	7,	0),
(377,	39,	9773,	8,	0),
(378,	39,	9774,	9,	0),
(379,	39,	9775,	10,	0),
(380,	39,	9776,	11,	0),
(381,	39,	9777,	12,	0),
(382,	39,	9778,	13,	0),
(383,	39,	9779,	14,	0),
(384,	39,	9780,	15,	0),
(385,	39,	9781,	16,	0),
(386,	39,	9782,	17,	0),
(387,	39,	9783,	18,	0),
(388,	39,	9784,	19,	0),
(389,	40,	9808,	1,	0),
(390,	40,	9809,	2,	0),
(391,	40,	9810,	3,	0),
(392,	40,	9811,	4,	0),
(393,	40,	9812,	5,	0),
(394,	40,	9813,	6,	0),
(395,	40,	9814,	7,	0),
(396,	40,	9815,	8,	0),
(397,	40,	9816,	9,	0),
(398,	41,	9830,	1,	0),
(399,	41,	9831,	2,	0),
(400,	41,	9832,	3,	0),
(401,	41,	9833,	4,	0),
(402,	42,	9842,	1,	0),
(403,	42,	9843,	2,	0),
(404,	42,	9844,	3,	0),
(405,	42,	9845,	4,	0),
(406,	42,	9846,	5,	0),
(407,	42,	9847,	6,	0),
(408,	42,	9848,	7,	0),
(409,	42,	9849,	8,	0),
(410,	42,	9850,	9,	0),
(411,	42,	9851,	10,	0),
(412,	42,	9852,	11,	0),
(413,	42,	9853,	12,	0),
(414,	42,	9854,	13,	0),
(415,	43,	9872,	1,	0),
(416,	43,	9873,	2,	0),
(417,	43,	9874,	3,	0),
(418,	43,	9875,	4,	0),
(419,	43,	9876,	5,	0),
(420,	43,	9877,	6,	0),
(421,	43,	9878,	7,	0),
(422,	44,	9890,	1,	0),
(423,	44,	9891,	2,	0),
(424,	44,	9892,	3,	0),
(425,	44,	9893,	4,	0),
(426,	44,	9894,	5,	0),
(427,	44,	9895,	6,	0),
(428,	44,	9896,	7,	0),
(429,	44,	9897,	8,	0),
(430,	44,	9898,	9,	0),
(431,	44,	9899,	10,	0),
(432,	45,	9914,	1,	0),
(433,	45,	9915,	2,	0),
(434,	45,	9916,	3,	0),
(435,	45,	9917,	4,	0),
(436,	45,	9918,	5,	0),
(437,	45,	9919,	6,	0),
(438,	45,	9920,	7,	0),
(439,	45,	9921,	8,	0),
(440,	45,	9922,	9,	0),
(441,	45,	9923,	10,	0),
(442,	45,	9924,	11,	0),
(443,	45,	9925,	12,	0),
(444,	45,	9926,	13,	0),
(445,	46,	9944,	1,	0),
(446,	46,	9945,	2,	0),
(447,	46,	9946,	3,	0),
(448,	46,	9947,	4,	0),
(449,	46,	9948,	5,	0),
(450,	46,	9949,	6,	0),
(451,	46,	9950,	7,	0),
(452,	46,	9951,	8,	0),
(453,	47,	9964,	1,	0),
(454,	47,	9965,	2,	0),
(455,	47,	9966,	3,	0),
(456,	47,	9967,	4,	0),
(457,	47,	9968,	5,	0),
(458,	47,	9969,	6,	0),
(459,	47,	9970,	7,	0),
(460,	47,	9971,	8,	0),
(461,	47,	9972,	9,	0),
(462,	48,	9986,	1,	0),
(463,	48,	9987,	2,	0),
(464,	48,	9988,	3,	0),
(465,	48,	9989,	4,	0),
(466,	48,	9990,	5,	0),
(467,	49,	10180,	1,	0),
(468,	49,	10181,	2,	0),
(469,	49,	10182,	3,	0),
(470,	49,	10183,	4,	0),
(471,	50,	10185,	1,	0),
(472,	50,	10186,	2,	0),
(473,	50,	10187,	3,	0),
(474,	50,	10188,	4,	0);

INSERT INTO `templateQuestionDate` (`ID`, `templateQuestionId`) VALUES
(1,	24);



INSERT INTO `templateQuestionRadioButton` (`ID`, `templateQuestionId`) VALUES
(1,	1),
(2,	2),
(3,	3),
(4,	4),
(5,	5),
(6,	6),
(7,	7),
(8,	8),
(9,	9),
(10,	10),
(11,	11),
(12,	12),
(13,	13),
(14,	14),
(15,	15),
(16,	16),
(17,	17),
(18,	18),
(19,	19),
(20,	20),
(21,	21),
(22,	27),
(23,	28),
(24,	29),
(25,	30),
(26,	31),
(27,	32),
(28,	33),
(29,	34),
(30,	35),
(31,	36),
(32,	37),
(33,	38),
(34,	39),
(35,	40),
(36,	41),
(37,	42),
(38,	43),
(39,	44),
(40,	45),
(41,	46),
(42,	47),
(43,	51),
(44,	52),
(45,	53),
(46,	54),
(47,	55),
(48,	56),
(49,	57),
(50,	58),
(51,	59),
(52,	62),
(53,	63),
(54,	64),
(55,	66),
(56,	67),
(57,	68),
(58,	69),
(59,	70),
(60,	71),
(61,	72),
(62,	73),
(63,	74),
(64,	75),
(65,	76),
(66,	77),
(67,	78),
(68,	79),
(69,	80),
(70,	84),
(71,	85),
(72,	86),
(73,	87),
(74,	88),
(75,	90),
(76,	91),
(77,	94),
(78,	95),
(79,	96),
(80,	97),
(81,	98),
(82,	100),
(83,	101),
(84,	102),
(85,	105),
(86,	110),
(87,	111),
(88,	112),
(89,	121),
(90,	122),
(91,	123),
(92,	124),
(93,	125),
(94,	126),
(95,	127),
(96,	128),
(97,	129),
(98,	133),
(99,	134),
(100,	135),
(101,	136),
(102,	139),
(103,	141),
(104,	145),
(105,	146),
(106,	148),
(107,	149),
(108,	169),
(109,	171),
(110,	172),
(111,	173),
(112,	175),
(113,	176),
(114,	177),
(115,	178),
(116,	179),
(117,	180),
(118,	181),
(119,	182),
(120,	184),
(121,	186),
(122,	187),
(123,	188),
(124,	189),
(125,	191),
(126,	192),
(127,	193),
(128,	194),
(129,	197),
(130,	198),
(131,	199),
(132,	200),
(133,	219),
(134,	220),
(135,	221),
(136,	222),
(137,	223),
(138,	224),
(139,	225),
(140,	226),
(141,	227),
(142,	228);

INSERT INTO `templateQuestionRadioButtonOption` (`ID`, `parentTableId`, `description`, `order`) VALUES
(1,	1,	1037,	1),
(2,	1,	1038,	2),
(3,	1,	1039,	3),
(4,	1,	1040,	4),
(5,	1,	1041,	5),
(6,	2,	1043,	1),
(7,	2,	1044,	2),
(8,	2,	1045,	3),
(9,	2,	1046,	4),
(10,	2,	1047,	5),
(11,	2,	1048,	6),
(12,	3,	1050,	1),
(13,	3,	1051,	2),
(14,	3,	1052,	3),
(15,	3,	1053,	4),
(16,	3,	1054,	5),
(17,	3,	1055,	6),
(18,	3,	1056,	7),
(19,	4,	1058,	1),
(20,	4,	1059,	2),
(21,	4,	1060,	3),
(22,	4,	1061,	4),
(23,	4,	1062,	5),
(24,	5,	1064,	1),
(25,	5,	1065,	2),
(26,	6,	1067,	1),
(27,	6,	1068,	2),
(28,	6,	1069,	3),
(29,	7,	1071,	1),
(30,	7,	1072,	2),
(31,	7,	1073,	3),
(32,	7,	1074,	4),
(33,	8,	1076,	1),
(34,	8,	1077,	2),
(35,	8,	1078,	3),
(36,	8,	1079,	4),
(37,	8,	1080,	5),
(38,	9,	1082,	1),
(39,	9,	1083,	2),
(40,	9,	1084,	3),
(41,	9,	1085,	4),
(42,	9,	1086,	5),
(43,	9,	1087,	6),
(44,	9,	1088,	7),
(45,	10,	1090,	1),
(46,	10,	1091,	2),
(47,	10,	1092,	3),
(48,	10,	1093,	4),
(49,	10,	1094,	5),
(50,	11,	1096,	1),
(51,	11,	1097,	2),
(52,	11,	1098,	3),
(53,	11,	1099,	4),
(54,	11,	1100,	5),
(55,	12,	1102,	1),
(56,	12,	1103,	2),
(57,	12,	1104,	3),
(58,	12,	1105,	4),
(59,	13,	1107,	1),
(60,	13,	1108,	2),
(61,	13,	1109,	3),
(62,	13,	1110,	4),
(63,	14,	1112,	1),
(64,	14,	1113,	2),
(65,	14,	1114,	3),
(66,	14,	1115,	4),
(67,	14,	1116,	5),
(68,	15,	1118,	1),
(69,	15,	1119,	2),
(70,	15,	1120,	3),
(71,	16,	1122,	1),
(72,	16,	1123,	2),
(73,	16,	1124,	3),
(74,	16,	1125,	4),
(75,	16,	1126,	5),
(76,	17,	1128,	1),
(77,	17,	1129,	2),
(78,	17,	1130,	3),
(79,	17,	1131,	4),
(80,	18,	1133,	1),
(81,	18,	1134,	2),
(82,	18,	1135,	3),
(83,	18,	1136,	4),
(84,	18,	1137,	5),
(85,	19,	1139,	1),
(86,	19,	1140,	2),
(87,	19,	1141,	3),
(88,	19,	1142,	4),
(89,	19,	1143,	5),
(90,	20,	1145,	1),
(91,	20,	1146,	2),
(92,	20,	1147,	3),
(93,	20,	1148,	4),
(94,	20,	1149,	5),
(95,	21,	1151,	1),
(96,	21,	1152,	2),
(97,	21,	1153,	3),
(98,	21,	1154,	4),
(99,	21,	1155,	5),
(100,	22,	1470,	1),
(101,	22,	1471,	2),
(102,	23,	1473,	1),
(103,	23,	1474,	2),
(104,	24,	1476,	1),
(105,	24,	1477,	2),
(106,	25,	1479,	1),
(107,	25,	1480,	2),
(108,	25,	1481,	3),
(109,	25,	1482,	4),
(110,	25,	1483,	5),
(111,	25,	1484,	6),
(112,	26,	1486,	1),
(113,	26,	1487,	2),
(114,	26,	1488,	3),
(115,	26,	1489,	4),
(116,	26,	1490,	5),
(117,	27,	2154,	1),
(118,	27,	2155,	2),
(119,	27,	2156,	3),
(120,	27,	2157,	4),
(121,	27,	2158,	5),
(122,	28,	2160,	1),
(123,	28,	2161,	2),
(124,	28,	2162,	3),
(125,	28,	2163,	4),
(126,	28,	2164,	5),
(127,	29,	2166,	1),
(128,	29,	2167,	2),
(129,	29,	2168,	3),
(130,	29,	2169,	4),
(131,	29,	2170,	5),
(132,	30,	2172,	1),
(133,	30,	2173,	2),
(134,	30,	2174,	3),
(135,	30,	2175,	4),
(136,	30,	2176,	5),
(137,	31,	2172,	1),
(138,	31,	2174,	2),
(139,	31,	2176,	3),
(140,	31,	2177,	4),
(141,	31,	2178,	5),
(142,	32,	2181,	1),
(143,	32,	2182,	2),
(144,	32,	2183,	3),
(145,	32,	2184,	4),
(146,	32,	2185,	5),
(147,	32,	2186,	6),
(148,	32,	2187,	7),
(149,	32,	2188,	8),
(150,	32,	2189,	9),
(151,	32,	2190,	10),
(152,	32,	2191,	11),
(153,	33,	2215,	1),
(155,	33,	2217,	2),
(158,	33,	2221,	3),
(159,	33,	2222,	4),
(160,	34,	2224,	1),
(161,	34,	2225,	2),
(162,	34,	2226,	3),
(163,	35,	2228,	1),
(164,	35,	2229,	2),
(165,	35,	2230,	3),
(166,	36,	2289,	1),
(167,	36,	2290,	2),
(168,	36,	2291,	3),
(169,	36,	2292,	4),
(170,	36,	2293,	5),
(171,	36,	2294,	6),
(172,	36,	2295,	7),
(173,	36,	2296,	8),
(174,	36,	2297,	9),
(175,	36,	2298,	10),
(176,	36,	2299,	11),
(177,	37,	2315,	1),
(178,	37,	2316,	2),
(179,	37,	2317,	3),
(180,	37,	2318,	4),
(181,	37,	2319,	5),
(182,	37,	2320,	6),
(183,	37,	2321,	7),
(184,	37,	2322,	8),
(185,	37,	2323,	9),
(186,	37,	2324,	10),
(187,	37,	2325,	11),
(188,	38,	2431,	1),
(189,	38,	2432,	2),
(190,	38,	2433,	3),
(191,	38,	2434,	4),
(192,	38,	2435,	5),
(193,	39,	2437,	1),
(194,	39,	2438,	2),
(195,	39,	2439,	3),
(196,	39,	2440,	4),
(197,	39,	2441,	5),
(198,	40,	2570,	1),
(199,	40,	2571,	2),
(200,	40,	2572,	3),
(201,	40,	2573,	4),
(202,	41,	2645,	1),
(203,	41,	2646,	2),
(204,	41,	2647,	3),
(205,	41,	2648,	4),
(206,	42,	2700,	1),
(207,	42,	2701,	2),
(208,	42,	2702,	3),
(209,	42,	2703,	4),
(210,	42,	2704,	5),
(211,	43,	2781,	1),
(212,	43,	2782,	2),
(213,	43,	2783,	3),
(214,	43,	2784,	4),
(215,	43,	2785,	5),
(216,	44,	2815,	1),
(217,	44,	2816,	2),
(218,	44,	2817,	3),
(219,	44,	2818,	4),
(220,	44,	2819,	5),
(221,	45,	2821,	1),
(222,	45,	2822,	2),
(223,	45,	2823,	3),
(224,	45,	2824,	4),
(225,	45,	2825,	5),
(226,	46,	2827,	1),
(227,	46,	2828,	2),
(228,	46,	2829,	3),
(229,	46,	2830,	4),
(230,	46,	2831,	5),
(231,	47,	2865,	1),
(232,	47,	2866,	2),
(233,	47,	2867,	3),
(234,	47,	2868,	4),
(235,	47,	2869,	5),
(236,	48,	2871,	1),
(237,	48,	2872,	2),
(238,	48,	2873,	3),
(239,	48,	2874,	4),
(240,	48,	2875,	5),
(241,	49,	2877,	1),
(242,	49,	2878,	2),
(243,	49,	2879,	3),
(244,	49,	2880,	4),
(245,	49,	2881,	5),
(246,	50,	2883,	1),
(247,	50,	2884,	2),
(248,	50,	2885,	3),
(249,	50,	2886,	4),
(250,	50,	2887,	5),
(251,	51,	2889,	1),
(252,	51,	2890,	2),
(253,	51,	2891,	3),
(254,	51,	2892,	4),
(255,	51,	2893,	5),
(256,	52,	2954,	1),
(257,	52,	2955,	2),
(258,	53,	2984,	1),
(259,	53,	2985,	2),
(260,	53,	2986,	3),
(261,	53,	2987,	4),
(262,	53,	2988,	5),
(263,	53,	2989,	6),
(264,	53,	2990,	7),
(265,	53,	2991,	8),
(266,	53,	2992,	9),
(267,	53,	2993,	10),
(268,	53,	2994,	11),
(269,	54,	3016,	1),
(270,	54,	3017,	2),
(271,	54,	3018,	3),
(272,	54,	3019,	4),
(273,	55,	3212,	1),
(274,	55,	3213,	2),
(275,	55,	3214,	3),
(276,	55,	3215,	4),
(277,	55,	3216,	5),
(278,	55,	3217,	6),
(279,	55,	3218,	7),
(280,	55,	3219,	8),
(281,	55,	3220,	9),
(282,	55,	3221,	10),
(283,	55,	3222,	11),
(284,	56,	3224,	1),
(285,	56,	3225,	2),
(286,	56,	3226,	3),
(287,	56,	3227,	4),
(288,	56,	3228,	5),
(289,	56,	3229,	6),
(290,	56,	3230,	7),
(291,	56,	3231,	8),
(292,	56,	3232,	9),
(293,	56,	3233,	10),
(294,	56,	3234,	11),
(295,	57,	3236,	1),
(296,	57,	3237,	2),
(297,	57,	3238,	3),
(298,	57,	3239,	4),
(299,	57,	3240,	5),
(300,	57,	3241,	6),
(301,	57,	3242,	7),
(302,	57,	3243,	8),
(303,	57,	3244,	9),
(304,	57,	3245,	10),
(305,	57,	3246,	11),
(306,	58,	3248,	1),
(307,	58,	3249,	2),
(308,	58,	3250,	3),
(309,	58,	3251,	4),
(310,	58,	3252,	5),
(311,	58,	3253,	6),
(312,	58,	3254,	7),
(313,	58,	3255,	8),
(314,	58,	3256,	9),
(315,	58,	3257,	10),
(316,	58,	3258,	11),
(317,	59,	3260,	1),
(318,	59,	3261,	2),
(319,	59,	3262,	3),
(320,	59,	3263,	4),
(321,	59,	3264,	5),
(322,	59,	3265,	6),
(323,	59,	3266,	7),
(324,	59,	3267,	8),
(325,	59,	3268,	9),
(326,	59,	3269,	10),
(327,	59,	3270,	11),
(328,	60,	3272,	1),
(329,	60,	3273,	2),
(330,	60,	3274,	3),
(331,	60,	3275,	4),
(332,	60,	3276,	5),
(333,	60,	3277,	6),
(334,	60,	3278,	7),
(335,	60,	3279,	8),
(336,	60,	3280,	9),
(337,	60,	3281,	10),
(338,	60,	3282,	11),
(339,	61,	3284,	1),
(340,	61,	3285,	2),
(341,	61,	3286,	3),
(342,	61,	3287,	4),
(343,	61,	3288,	5),
(344,	61,	3289,	6),
(345,	61,	3290,	7),
(346,	61,	3291,	8),
(347,	61,	3292,	9),
(348,	61,	3293,	10),
(349,	61,	3294,	11),
(350,	62,	3296,	1),
(351,	62,	3297,	2),
(352,	62,	3298,	3),
(353,	62,	3299,	4),
(354,	62,	3300,	5),
(355,	62,	3301,	6),
(356,	62,	3302,	7),
(357,	62,	3303,	8),
(358,	62,	3304,	9),
(359,	62,	3305,	10),
(360,	62,	3306,	11),
(361,	63,	3308,	1),
(362,	63,	3309,	2),
(363,	63,	3310,	3),
(364,	63,	3311,	4),
(365,	63,	3312,	5),
(366,	63,	3313,	6),
(367,	63,	3314,	7),
(368,	63,	3315,	8),
(369,	63,	3316,	9),
(370,	63,	3317,	10),
(371,	63,	3318,	11),
(372,	64,	3453,	1),
(373,	64,	3454,	2),
(374,	64,	3455,	3),
(375,	64,	3456,	4),
(376,	64,	3457,	5),
(377,	64,	3458,	6),
(378,	64,	3459,	7),
(379,	64,	3460,	8),
(380,	64,	3461,	9),
(381,	64,	3462,	10),
(382,	64,	3463,	11),
(383,	65,	3465,	1),
(384,	65,	3466,	2),
(385,	65,	3467,	3),
(386,	65,	3468,	4),
(387,	65,	3469,	5),
(388,	65,	3470,	6),
(389,	65,	3471,	7),
(390,	65,	3472,	8),
(391,	65,	3473,	9),
(392,	65,	3474,	10),
(393,	65,	3475,	11),
(394,	66,	3477,	1),
(395,	66,	3478,	2),
(396,	66,	3479,	3),
(397,	66,	3480,	4),
(398,	66,	3481,	5),
(399,	66,	3482,	6),
(400,	66,	3483,	7),
(401,	66,	3484,	8),
(402,	66,	3485,	9),
(403,	66,	3486,	10),
(404,	66,	3487,	11),
(405,	67,	3489,	1),
(406,	67,	3490,	2),
(407,	67,	3491,	3),
(408,	67,	3492,	4),
(409,	67,	3493,	5),
(410,	67,	3494,	6),
(411,	67,	3495,	7),
(412,	67,	3496,	8),
(413,	67,	3497,	9),
(414,	67,	3498,	10),
(415,	67,	3499,	11),
(416,	68,	3516,	1),
(417,	68,	3517,	2),
(418,	68,	3518,	3),
(419,	69,	3520,	1),
(420,	69,	3521,	2),
(421,	69,	3522,	3),
(422,	69,	3523,	4),
(423,	69,	3524,	5),
(424,	69,	3525,	6),
(425,	69,	3526,	7),
(426,	70,	3560,	1),
(427,	70,	3561,	2),
(428,	70,	3562,	3),
(429,	71,	3564,	1),
(430,	71,	3565,	2),
(431,	71,	3566,	3),
(432,	72,	3568,	1),
(433,	72,	3569,	2),
(434,	72,	3570,	3),
(435,	72,	3571,	4),
(436,	72,	3572,	5),
(437,	73,	3574,	1),
(438,	73,	3575,	2),
(439,	74,	3768,	1),
(440,	74,	3769,	2),
(441,	74,	3770,	3),
(442,	74,	3771,	4),
(443,	74,	3772,	5),
(444,	75,	3777,	1),
(445,	75,	3778,	2),
(446,	75,	3779,	3),
(447,	75,	3780,	4),
(448,	75,	3781,	5),
(449,	76,	3783,	1),
(451,	76,	3785,	3),
(452,	76,	3786,	4),
(453,	76,	3787,	5),
(454,	76,	3788,	6),
(455,	77,	4110,	1),
(456,	77,	4111,	2),
(457,	77,	4112,	3),
(458,	77,	4113,	4),
(459,	78,	4135,	1),
(460,	78,	4136,	2),
(461,	78,	4137,	3),
(462,	78,	4138,	4),
(463,	78,	4139,	5),
(464,	79,	4141,	1),
(465,	79,	4142,	2),
(466,	79,	4143,	3),
(467,	79,	4144,	4),
(468,	79,	4145,	5),
(469,	80,	4147,	1),
(470,	80,	4148,	2),
(471,	80,	4149,	3),
(472,	80,	4150,	4),
(473,	80,	4151,	5),
(474,	81,	4153,	1),
(475,	81,	4154,	2),
(476,	82,	4312,	1),
(477,	82,	4313,	2),
(478,	82,	4314,	3),
(479,	82,	4315,	4),
(480,	82,	4316,	5),
(481,	82,	4317,	6),
(482,	83,	4352,	1),
(483,	83,	4353,	2),
(484,	83,	4354,	3),
(485,	83,	4355,	4),
(486,	83,	4356,	5),
(487,	84,	4358,	1),
(488,	84,	4359,	2),
(489,	84,	4360,	3),
(490,	84,	4361,	4),
(491,	84,	4362,	5),
(492,	85,	4534,	1),
(493,	86,	4794,	1),
(494,	86,	4795,	2),
(495,	86,	4796,	3),
(496,	86,	4797,	4),
(497,	86,	4798,	5),
(498,	86,	4799,	6),
(499,	86,	4800,	7),
(500,	86,	4801,	8),
(501,	86,	4802,	9),
(502,	86,	4803,	10),
(503,	86,	4804,	11),
(504,	76,	4811,	2),
(505,	87,	4836,	1),
(506,	87,	4837,	2),
(507,	87,	4838,	3),
(508,	87,	4839,	4),
(509,	88,	4910,	1),
(510,	88,	4911,	2),
(511,	88,	4912,	3),
(512,	88,	4913,	4),
(513,	88,	4914,	5),
(514,	88,	4915,	6),
(515,	88,	4916,	7),
(516,	88,	4917,	8),
(517,	88,	4918,	9),
(518,	88,	4919,	10),
(519,	88,	4920,	11),
(520,	89,	5302,	1),
(521,	89,	5303,	2),
(522,	89,	5304,	3),
(523,	89,	5305,	4),
(524,	89,	5306,	5),
(525,	89,	5307,	6),
(526,	89,	5308,	7),
(527,	89,	5309,	8),
(528,	89,	5310,	9),
(529,	89,	5311,	10),
(530,	89,	5312,	11),
(531,	90,	5343,	1),
(532,	90,	5344,	2),
(533,	90,	5345,	3),
(534,	90,	5346,	4),
(535,	91,	5418,	1),
(536,	91,	5419,	2),
(537,	91,	5420,	3),
(538,	91,	5421,	4),
(539,	92,	5498,	1),
(540,	92,	5499,	2),
(541,	92,	5500,	3),
(542,	92,	5501,	4),
(543,	92,	5502,	5),
(544,	92,	5503,	6),
(545,	92,	5504,	7),
(546,	92,	5505,	8),
(547,	92,	5506,	9),
(548,	92,	5507,	10),
(549,	92,	5508,	11),
(550,	93,	5510,	1),
(551,	93,	5511,	2),
(552,	93,	5512,	3),
(553,	93,	5513,	4),
(554,	93,	5514,	5),
(555,	93,	5515,	6),
(556,	93,	5516,	7),
(557,	93,	5517,	8),
(558,	93,	5518,	9),
(559,	93,	5519,	10),
(560,	93,	5520,	11),
(561,	94,	5648,	1),
(562,	94,	5649,	2),
(563,	94,	5650,	3),
(564,	94,	5651,	4),
(565,	94,	5652,	5),
(566,	95,	5703,	1),
(567,	95,	5704,	2),
(568,	95,	5705,	3),
(569,	95,	5706,	4),
(570,	95,	5707,	5),
(571,	96,	5717,	1),
(572,	96,	5718,	2),
(573,	96,	5719,	3),
(574,	96,	5720,	4),
(575,	97,	5729,	1),
(576,	97,	5730,	2),
(577,	97,	5731,	3),
(578,	97,	5732,	4),
(579,	97,	5733,	5),
(580,	98,	5841,	1),
(581,	98,	5842,	2),
(582,	98,	5843,	3),
(583,	98,	5844,	4),
(584,	98,	5845,	5),
(585,	99,	5847,	1),
(586,	99,	5848,	2),
(587,	99,	5849,	3),
(588,	99,	5850,	4),
(589,	99,	5851,	5),
(590,	100,	5853,	1),
(591,	100,	5854,	2),
(592,	100,	5855,	3),
(593,	100,	5856,	4),
(594,	101,	5858,	1),
(595,	101,	5859,	2),
(596,	101,	5860,	3),
(597,	101,	5861,	4),
(598,	101,	5862,	5),
(599,	102,	5998,	1),
(600,	102,	5999,	2),
(601,	102,	6000,	3),
(602,	102,	6001,	4),
(603,	102,	6002,	5),
(604,	103,	6171,	1),
(605,	103,	6172,	2),
(606,	104,	6247,	1),
(607,	104,	6248,	2),
(608,	104,	6249,	3),
(609,	104,	6250,	4),
(610,	105,	6470,	1),
(611,	105,	6471,	2),
(612,	106,	6633,	1),
(613,	106,	6634,	2),
(614,	106,	6635,	3),
(615,	107,	6731,	1),
(616,	107,	6732,	2),
(617,	107,	6733,	3),
(618,	107,	6734,	4),
(619,	108,	7183,	1),
(620,	108,	7184,	2),
(621,	108,	7185,	3),
(622,	108,	7186,	4),
(623,	108,	7187,	5),
(624,	108,	7188,	6),
(625,	108,	7189,	7),
(626,	108,	7190,	8),
(627,	108,	7191,	9),
(628,	108,	7192,	10),
(629,	108,	7193,	11),
(630,	109,	7324,	1),
(631,	109,	7325,	2),
(632,	109,	7326,	3),
(633,	109,	7327,	4),
(634,	109,	7328,	5),
(635,	109,	7329,	6),
(636,	109,	7330,	7),
(637,	109,	7331,	8),
(638,	109,	7332,	9),
(639,	109,	7333,	10),
(640,	109,	7334,	11),
(641,	110,	7398,	1),
(642,	110,	7399,	2),
(643,	110,	7400,	3),
(644,	110,	7401,	4),
(645,	110,	7402,	5),
(646,	110,	7403,	6),
(647,	110,	7404,	7),
(648,	110,	7405,	8),
(649,	110,	7406,	9),
(650,	110,	7407,	10),
(651,	110,	7408,	11),
(652,	111,	7514,	1),
(653,	111,	7515,	2),
(654,	111,	7516,	3),
(655,	111,	7517,	4),
(656,	112,	7962,	1),
(657,	112,	7963,	2),
(658,	112,	7964,	3),
(659,	112,	7965,	4),
(660,	113,	7967,	1),
(661,	113,	7968,	2),
(662,	113,	7969,	3),
(663,	113,	7970,	4),
(664,	113,	7971,	5),
(665,	114,	7973,	1),
(666,	114,	7974,	2),
(667,	114,	7975,	3),
(668,	115,	7977,	1),
(669,	115,	7978,	2),
(670,	115,	7979,	3),
(671,	116,	8070,	1),
(672,	116,	8071,	2),
(673,	116,	8072,	3),
(674,	116,	8073,	4),
(675,	116,	8074,	5),
(676,	117,	8139,	1),
(677,	117,	8140,	2),
(678,	117,	8141,	3),
(679,	117,	8142,	4),
(680,	117,	8143,	5),
(681,	118,	8145,	1),
(682,	118,	8146,	2),
(683,	118,	8147,	3),
(684,	118,	8148,	4),
(685,	118,	8149,	5),
(686,	119,	8284,	1),
(687,	119,	8285,	2),
(688,	119,	8286,	3),
(689,	119,	8287,	4),
(690,	119,	8288,	5),
(691,	119,	8289,	6),
(692,	119,	8290,	7),
(693,	119,	8291,	8),
(694,	119,	8292,	9),
(695,	119,	8293,	10),
(696,	119,	8294,	11),
(697,	120,	8416,	1),
(698,	120,	8417,	2),
(699,	120,	8418,	3),
(700,	120,	8419,	4),
(701,	121,	8427,	1),
(702,	121,	8428,	2),
(703,	121,	8429,	3),
(704,	121,	8430,	4),
(705,	122,	8708,	1),
(706,	122,	8709,	2),
(707,	122,	8710,	3),
(708,	122,	8711,	4),
(709,	122,	8712,	5),
(710,	122,	8713,	6),
(711,	122,	8714,	7),
(712,	122,	8715,	8),
(713,	122,	8716,	9),
(714,	122,	8717,	10),
(715,	122,	8718,	11),
(716,	123,	8720,	1),
(717,	123,	8721,	2),
(718,	123,	8722,	3),
(719,	123,	8723,	4),
(720,	123,	8724,	5),
(721,	124,	8726,	1),
(722,	124,	8727,	2),
(723,	124,	8728,	3),
(724,	124,	8729,	4),
(725,	124,	8730,	5),
(726,	125,	8784,	1),
(727,	125,	8785,	2),
(728,	125,	8786,	3),
(729,	125,	8787,	4),
(730,	125,	8788,	5),
(731,	126,	8790,	1),
(732,	126,	8791,	2),
(733,	126,	8792,	3),
(734,	126,	8793,	4),
(735,	127,	8795,	1),
(736,	127,	8796,	2),
(737,	127,	8797,	3),
(738,	128,	9371,	1),
(739,	128,	9372,	2),
(740,	128,	9373,	3),
(741,	128,	9374,	4),
(742,	128,	9375,	5),
(743,	128,	9376,	6),
(744,	129,	9419,	1),
(745,	129,	9420,	2),
(746,	129,	9421,	3),
(747,	130,	9423,	1),
(748,	130,	9424,	2),
(749,	130,	9425,	3),
(750,	130,	9426,	4),
(751,	130,	9427,	5),
(752,	130,	9428,	6),
(753,	131,	9430,	1),
(754,	131,	9431,	2),
(755,	131,	9432,	3),
(756,	131,	9433,	4),
(757,	131,	9434,	5),
(758,	132,	9436,	1),
(759,	132,	9437,	2),
(760,	132,	9438,	3),
(761,	133,	10416,	1),
(762,	133,	10417,	2),
(763,	134,	10466,	1),
(764,	134,	10467,	2),
(765,	134,	10468,	3),
(766,	134,	10469,	4),
(767,	134,	10470,	5),
(768,	135,	10472,	1),
(769,	135,	10473,	2),
(770,	135,	10474,	3),
(771,	135,	10475,	4),
(772,	136,	10477,	1),
(773,	137,	10502,	1),
(774,	137,	10503,	2),
(775,	137,	10504,	3),
(776,	137,	10505,	4),
(777,	137,	10506,	5),
(778,	137,	10507,	6),
(779,	137,	10508,	7),
(780,	138,	10510,	1),
(781,	138,	10511,	2),
(782,	138,	10512,	3),
(783,	138,	10513,	4),
(784,	138,	10514,	5),
(785,	138,	10515,	6),
(786,	138,	10516,	7),
(787,	139,	10518,	1),
(788,	139,	10519,	2),
(789,	139,	10520,	3),
(790,	139,	10521,	4),
(791,	139,	10522,	5),
(792,	139,	10523,	6),
(793,	139,	10524,	7),
(794,	140,	10627,	1),
(795,	140,	10628,	2),
(796,	140,	10629,	3),
(797,	140,	10630,	4),
(798,	141,	10632,	1),
(799,	141,	10633,	2),
(800,	141,	10634,	3),
(801,	141,	10635,	4),
(802,	142,	10743,	1);

INSERT INTO `templateQuestionSlider` (`ID`, `templateQuestionId`, `minValue`, `maxValue`, `minCaption`, `maxCaption`, `increment`) VALUES
(1,	22,	1,	10,	1157,	1158,	1),
(2,	60,	1,	100,	2895,	2896,	1),
(3,	89,	1,	5,	3774,	3775,	1),
(4,	114,	1,	10,	5207,	5208,	1),
(5,	130,	1,	100,	5743,	5744,	1),
(6,	137,	1,	100,	5864,	5865,	1),
(7,	140,	1,	10,	6064,	6065,	1),
(8,	142,	1,	10,	6204,	6205,	1),
(9,	144,	1,	10,	6244,	6245,	1),
(10,	150,	1,	4,	6806,	6807,	1),
(11,	151,	1,	11,	6867,	6868,	1),
(12,	152,	1,	11,	6882,	6883,	1),
(13,	153,	1,	11,	6885,	6886,	1),
(14,	154,	1,	11,	6888,	6889,	1),
(15,	155,	1,	11,	6891,	6892,	1),
(16,	156,	1,	11,	6894,	6895,	1),
(17,	157,	1,	11,	6897,	6898,	1),
(18,	158,	1,	11,	6900,	6901,	1),
(19,	159,	1,	11,	6903,	6904,	1),
(20,	160,	1,	11,	6906,	6907,	1),
(21,	161,	1,	11,	6909,	6910,	1),
(22,	162,	1,	4,	6969,	6970,	1),
(23,	163,	1,	2,	7014,	7015,	1),
(24,	164,	1,	4,	7029,	7030,	1),
(25,	165,	1,	11,	7144,	7145,	1),
(26,	166,	1,	11,	7147,	7148,	1),
(27,	167,	1,	11,	7150,	7151,	1),
(28,	168,	1,	11,	7153,	7154,	1),
(29,	170,	1,	11,	7232,	7233,	1),
(30,	174,	1,	7,	7743,	7744,	1),
(31,	201,	1,	300,	9578,	9579,	1),
(32,	229,	1,	100,	10777,	10778,	1);

INSERT INTO `templateQuestionTextBox` (`ID`, `templateQuestionId`) VALUES
(1,	23),
(2,	61),
(3,	143),
-- open ended text box response
(4,	230);


INSERT INTO `templateQuestionTime` (`ID`, `templateQuestionId`) VALUES
(1,	25);
